col,row,kernel,total_cyc,report_cyc,busy_pct,pm_size,top_funcs
18,0,cand_post_c_L0,4999010,1852007,37.0,14522,layernorm_row=646800(34.9%)  •  cand_post_c_L0=334466(18.1%)  •  f32_to_i32_r_minMag=259160(14.0%)
18,1,obj_post_c_L0,4999004,4955671,99.1,16202,main=4167284(84.1%)  •  layernorm_row=307952(6.2%)  •  obj_post_c_L0=148212(3.0%)
18,2,cand_post_b2_L0,4998998,1835269,36.7,13644,main=903101(49.2%)  •  cand_post_b2_L0=586207(31.9%)  •  f32_to_i32_r_minMag=129580(7.1%)
18,3,obj_post_b2_L0,4998992,4889980,97.8,15464,main=4455304(91.1%)  •  obj_post_b2_L0=268029(5.5%)  •  f32_to_i32_r_minMag=62208(1.3%)
18,4,cand_post_b1_L0,4998986,1825926,36.5,13628,main=894162(49.0%)  •  cand_post_b1_L0=586038(32.1%)  •  f32_to_i32_r_minMag=129600(7.1%)
18,5,obj_post_b1_L0,4998980,4853846,97.1,15464,main=4419421(91.0%)  •  obj_post_b1_L0=267888(5.5%)  •  f32_to_i32_r_minMag=62208(1.3%)
19,0,obj_attn_head_pre_h3_L0,4998974,4831300,96.6,6324,"main=4640094(96.0%)  •  obj_attn_head_pre_h3_L0=125972(2.6%)  •  gemm_tile<12,=38598(0.8%)"
19,1,obj_attn_head_pre_h0_L0,4998968,4831307,96.6,6324,"main=4640031(96.0%)  •  obj_attn_head_pre_h0_L0=126047(2.6%)  •  gemm_tile<12,=38598(0.8%)"
19,2,obj_post_a_proj_L0,4998962,4817573,96.4,15580,main=4320097(89.7%)  •  obj_post_a_proj_L0=298508(6.2%)  •  f32_to_i32_r_minMag=62198(1.3%)
19,3,obj_attn_head_pre_h1_L0,4998956,4831299,96.6,6324,"main=4640038(96.0%)  •  obj_attn_head_pre_h1_L0=126042(2.6%)  •  gemm_tile<12,=38598(0.8%)"
19,4,obj_attn_head_pre_h2_L0,4998950,4831285,96.6,6324,"main=4640089(96.0%)  •  obj_attn_head_pre_h2_L0=125982(2.6%)  •  gemm_tile<12,=38598(0.8%)"
20,0,obj_attn_head_post_h3_L0,4998944,4998938,100.0,15872,f32_mul=1334610(26.7%)  •  softfloat_subMagsF32=725962(14.5%)  •  softfloat_roundPackToF32=710136(14.2%)
20,1,obj_attn_head_post_h0_L0,4998938,4998901,100.0,15856,f32_mul=1327150(26.6%)  •  softfloat_subMagsF32=730331(14.6%)  •  softfloat_roundPackToF32=708666(14.2%)
20,2,obj_post_a_concat_L0,4998932,4776160,95.5,2466,main=4758424(99.6%)  •  obj_post_a_concat_L0=16702(0.3%)  •  _main_init=1034(0.0%)
20,3,obj_attn_head_post_h1_L0,4998926,4998880,100.0,15856,f32_mul=1335795(26.7%)  •  softfloat_subMagsF32=728866(14.6%)  •  softfloat_roundPackToF32=708519(14.2%)
20,4,obj_attn_head_post_h2_L0,4998920,4998920,100.0,15872,f32_mul=1323021(26.5%)  •  softfloat_subMagsF32=737161(14.8%)  •  softfloat_roundPackToF32=707805(14.2%)
24,0,cand_attn_head_pre_h1_L0,4998914,1783790,35.7,8416,"main=1449119(81.2%)  •  cand_attn_head_pre_h1_L0=148149(8.3%)  •  gemm_tile<4,=94200(5.3%)"
24,1,cand_attn_head_pre_h2_L0,4998908,1783781,35.7,8416,"main=1448996(81.2%)  •  cand_attn_head_pre_h2_L0=148265(8.3%)  •  gemm_tile<4,=94200(5.3%)"
24,2,cand_post_a_proj_L0,4998902,1816447,36.3,14348,main=725243(39.9%)  •  cand_post_a_proj_L0=654302(36.0%)  •  f32_to_i32_r_minMag=129550(7.1%)
24,3,cand_attn_head_pre_h3_L0,4998896,1783776,35.7,8420,"main=1449038(81.2%)  •  cand_attn_head_pre_h3_L0=148231(8.3%)  •  gemm_tile<4,=94200(5.3%)"
24,4,cand_attn_head_pre_h0_L0,4998890,1783775,35.7,8416,"main=1449035(81.2%)  •  cand_attn_head_pre_h0_L0=148238(8.3%)  •  gemm_tile<4,=94200(5.3%)"
25,0,cand_attn_head_post_h1_L0,4998884,1803441,36.1,14116,f32_mul=404320(22.4%)  •  softfloat_roundPackToF32=234861(13.0%)  •  softfloat_subMagsF32=196243(10.9%)
25,1,cand_attn_head_post_h2_L0,4998878,1805088,36.1,14100,f32_mul=417430(23.1%)  •  softfloat_roundPackToF32=242046(13.4%)  •  softfloat_subMagsF32=204405(11.3%)
25,2,cand_post_a_concat_L0,4998872,1805478,36.1,2466,main=1767928(97.9%)  •  cand_post_a_concat_L0=36566(2.0%)  •  _main_init=984(0.1%)
25,3,cand_attn_head_post_h3_L0,4998866,1793464,35.9,14116,main=805256(44.9%)  •  f32_mul=167203(9.3%)  •  softfloat_roundPackToF32=119778(6.7%)
25,4,cand_attn_head_post_h0_L0,4998860,1798449,36.0,14116,main=313902(17.4%)  •  f32_mul=303050(16.9%)  •  softfloat_roundPackToF32=193851(10.8%)
28,0,cross_attn_head_post_h2_L0,4998854,4998846,100.0,13874,f32_mul=967290(19.4%)  •  main=932047(18.6%)  •  softfloat_subMagsF32=588519(11.8%)
28,1,cross_attn_head_post_h1_L0,4998848,4998828,100.0,13874,f32_mul=1372759(27.5%)  •  softfloat_roundPackToF32=709968(14.2%)  •  softfloat_subMagsF32=666066(13.3%)
28,2,cross_post_a_concat_L0,4998842,4937962,98.8,2450,main=4877160(98.8%)  •  cross_post_a_concat_L0=59842(1.2%)  •  _main_init=960(0.0%)
28,3,cross_attn_head_post_h0_L0,4998836,4998823,100.0,13874,f32_mul=1056875(21.1%)  •  softfloat_subMagsF32=661989(13.2%)  •  softfloat_roundPackToF32=623070(12.5%)
28,4,cross_attn_head_post_h3_L0,4998830,4998790,100.0,13858,main=1596980(31.9%)  •  f32_mul=795340(15.9%)  •  softfloat_roundPackToF32=469959(9.4%)
29,0,cross_attn_head_pre_h2_L0,4998824,4983616,99.7,9876,main=4674366(93.8%)  •  cross_attn_head_pre_h2_L0=238963(4.8%)  •  memset=41085(0.8%)
29,1,cross_attn_head_pre_h1_L0,4998818,4983607,99.7,9844,main=4674363(93.8%)  •  cross_attn_head_pre_h1_L0=238962(4.8%)  •  memset=41085(0.8%)
29,2,cross_post_a_proj_L0,4998812,4976615,99.6,15468,main=3312670(66.6%)  •  cross_post_a_proj_L0=953178(19.1%)  •  f32_to_i32_r_minMag=222912(4.5%)
29,3,cross_attn_head_pre_h0_L0,4998806,4983611,99.7,9876,main=4674377(93.8%)  •  cross_attn_head_pre_h0_L0=238962(4.8%)  •  memset=41085(0.8%)
29,4,cross_attn_head_pre_h3_L0,4998800,4983609,99.7,9876,main=4674367(93.8%)  •  cross_attn_head_pre_h3_L0=238975(4.8%)  •  memset=41085(0.8%)
31,0,cross_post_c_L0,4998794,4998750,100.0,16202,main=2247018(45.0%)  •  layernorm_row=1076681(21.5%)  •  cross_post_c_L0=517341(10.3%)
31,1,cross_post_b2_L0,4998788,4936719,98.8,15464,main=3418885(69.2%)  •  cross_post_b2_L0=937611(19.0%)  •  f32_to_i32_r_minMag=217728(4.4%)
31,2,cross_post_b1_L0,4998782,4998745,100.0,15464,main=3458719(69.2%)  •  cross_post_b1_L0=952090(19.1%)  •  f32_to_i32_r_minMag=220270(4.4%)
